"anio","tipo_cambio"
"2010",12.71715
"2015",15.69585
"2020",21.9353
